#,,,This the actual injection volume on the column,,,,Relic from BMIS for pooled full and half,A dilution factor of 2 is a 1 to 1 dilution of sample to water
Sample.Name,Notes,Column,uLonColumn,Fraction,Sample.Group,Treatment.Group,Inj.vol,Dilution.Factor
190715_Blk_Blk_1,,ZIC pHILIC_85 to 15_ACN,2,HILIC,,1,1,
190715_Blk_Blk_2,,ZIC pHILIC_85 to 15_ACN,2,HILIC,,1,1,
190715_Blk_Blk_3,,ZIC pHILIC_85 to 15_ACN,2,HILIC,,1,1,
190715_Std_H2OinMatrix_1,made up using FatAs smp,ZIC pHILIC_85 to 15_ACN,2,HILIC,,1,1,
190715_Std_4uMStdsMix1InH2O_1,made up using FatAs smp,ZIC pHILIC_85 to 15_ACN,2,HILIC,,1,1,
190715_Std_4uMStdsMix2InH2O_1,made up using FatAs smp,ZIC pHILIC_85 to 15_ACN,2,HILIC,,1,1,
190715_Std_4uMStdsMix1InMatrix_1,made up using FatAs smp,ZIC pHILIC_85 to 15_ACN,2,HILIC,,1,1,
190715_Std_4uMStdsMix2InMatrix_1,made up using FatAs smp,ZIC pHILIC_85 to 15_ACN,2,HILIC,,1,1,
190715_Blk_Blk_4,,ZIC pHILIC_85 to 15_ACN,2,HILIC,,1,1,
190715_Blk_Blk_5,,ZIC pHILIC_85 to 15_ACN,2,HILIC,,1,1,
190715_Smp_KelpA,,ZIC pHILIC_85 to 15_ACN,2,HILIC,,1,1,
190715_Smp_KelpB,,ZIC pHILIC_85 to 15_ACN,2,HILIC,,1,1,
190715_Smp_KelpC,,ZIC pHILIC_85 to 15_ACN,2,HILIC,,1,1,
190715_Smp_KelpD,,ZIC pHILIC_85 to 15_ACN,2,HILIC,,1,1,
190715_Blk_Blk_5a,,ZIC pHILIC_85 to 15_ACN,2,HILIC,,1,1,
190715_Poo_QC-KM1906_A,,ZIC pHILIC_85 to 15_ACN,2,HILIC,,1,1,2
190715_Poo_TruePooKM1906_Half1,,ZIC pHILIC_85 to 15_ACN,2,HILIC,,1,1,2
190715_Poo_TruePooKM1906_Full1,,ZIC pHILIC_85 to 15_ACN,2,HILIC,,1,2,1
190715_Blk_Blk_6,,ZIC pHILIC_85 to 15_ACN,2,HILIC,,1,1,2
190715_Blk_KM1906S6C31000-Blk_B,,ZIC pHILIC_85 to 15_ACN,2,HILIC,,1,1,2
190715_Smp_KM1906S4C28D15_A,,ZIC pHILIC_85 to 15_ACN,2,HILIC,,1,1,2
190715_Blk_Blk_7,,ZIC pHILIC_85 to 15_ACN,2,HILIC,,1,1,2
190715_Smp_KM1906S6C3D1000_A,,ZIC pHILIC_85 to 15_ACN,2,HILIC,,1,1,2
190715_Smp_KM1906S4C27D500_B,,ZIC pHILIC_85 to 15_ACN,2,HILIC,,1,1,2
190715_Blk_Blk_8,,ZIC pHILIC_85 to 15_ACN,2,HILIC,,1,1,2
190715_Smp_KM1906S5C3D125_A,,ZIC pHILIC_85 to 15_ACN,2,HILIC,,1,1,2
190715_Smp_KM1906S5C3D400_B,,ZIC pHILIC_85 to 15_ACN,2,HILIC,,1,1,2
190715_Blk_Blk_9,,ZIC pHILIC_85 to 15_ACN,2,HILIC,,1,1,2
190715_Smp_KM1906S4C27D125_C,,ZIC pHILIC_85 to 15_ACN,2,HILIC,,1,1,2
190715_Smp_KM1906S4C27D40_B,,ZIC pHILIC_85 to 15_ACN,2,HILIC,,1,1,2
190715_Blk_Blk_10,,ZIC pHILIC_85 to 15_ACN,2,HILIC,,1,1,2
190715_Blk_KM1906S6C31000-Blk_C,,ZIC pHILIC_85 to 15_ACN,2,HILIC,,1,1,2
190715_Smp_KM1906S4C28D15_B,,ZIC pHILIC_85 to 15_ACN,2,HILIC,,1,1,2
190715_Blk_Blk_11,,ZIC pHILIC_85 to 15_ACN,2,HILIC,,1,1,2
190715_Smp_KM1906U12_C,,ZIC pHILIC_85 to 15_ACN,2,HILIC,,1,1,2
190715_Smp_KM1906S5C3D1000_B,,ZIC pHILIC_85 to 15_ACN,2,HILIC,,1,1,2
190715_Blk_Blk_12,,ZIC pHILIC_85 to 15_ACN,2,HILIC,,1,1,2
190715_Smp_KM1906S5C3D125_C,,ZIC pHILIC_85 to 15_ACN,2,HILIC,,1,1,2
190715_Smp_KM1906S4C27D300_B,,ZIC pHILIC_85 to 15_ACN,2,HILIC,,1,1,2
190715_Blk_Blk_13,,ZIC pHILIC_85 to 15_ACN,2,HILIC,,1,1,2
190715_Smp_KM1906S6C3D115_C,,ZIC pHILIC_85 to 15_ACN,2,HILIC,,1,1,2
190715_Smp_KM1906S6C3D400_C,,ZIC pHILIC_85 to 15_ACN,2,HILIC,,1,1,2
190715_Blk_Blk_13a,,ZIC pHILIC_85 to 15_ACN,2,HILIC,,1,1,2
190715_Smp_KM1906S6C3D1000_C,,ZIC pHILIC_85 to 15_ACN,2,HILIC,,1,1,2
190715_Smp_KM1906S6C3D75_A,,ZIC pHILIC_85 to 15_ACN,2,HILIC,,1,1,2
190715_Blk_Blk_14,,ZIC pHILIC_85 to 15_ACN,2,HILIC,,1,1,2
190715_Blk_KM1906U14-Blk_C,,ZIC pHILIC_85 to 15_ACN,2,HILIC,,1,1,2
190715_Smp_KM1906U12_B,,ZIC pHILIC_85 to 15_ACN,2,HILIC,,1,1,2
190715_Blk_Blk_15,,ZIC pHILIC_85 to 15_ACN,2,HILIC,,1,1,2
190715_Smp_KM1906S5C3D400_A,,ZIC pHILIC_85 to 15_ACN,2,HILIC,,1,1,2
190715_Smp_KM1906U13_C,,ZIC pHILIC_85 to 15_ACN,2,HILIC,,1,1,2
190715_Blk_Blk_16,,ZIC pHILIC_85 to 15_ACN,2,HILIC,,1,1,2
190715_Poo_QC-KM1906_B,,ZIC pHILIC_85 to 15_ACN,2,HILIC,,1,1,2
190715_Poo_TruePooKM1906_Half2,,ZIC pHILIC_85 to 15_ACN,2,HILIC,,1,1,2
190715_Poo_TruePooKM1906_Full2,,ZIC pHILIC_85 to 15_ACN,2,HILIC,,1,2,1
190715_Blk_Blk_16a,,ZIC pHILIC_85 to 15_ACN,2,HILIC,,1,1,2
190715_Smp_KM1906S4C28D15_C,,ZIC pHILIC_85 to 15_ACN,2,HILIC,,1,1,2
190715_Smp_KM1906S5C3D80_C,,ZIC pHILIC_85 to 15_ACN,2,HILIC,,1,1,2
190715_Blk_Blk_17,,ZIC pHILIC_85 to 15_ACN,2,HILIC,,1,1,2
190715_Smp_KM1906S4C27D300_C,,ZIC pHILIC_85 to 15_ACN,2,HILIC,,1,1,2
190715_Smp_KM1906S5C3D80_A,,ZIC pHILIC_85 to 15_ACN,2,HILIC,,1,1,2
190715_Blk_Blk_18,,ZIC pHILIC_85 to 15_ACN,2,HILIC,,1,1,2
190715_Smp_KM1906S6C3D115_B,,ZIC pHILIC_85 to 15_ACN,2,HILIC,,1,1,2
190715_Smp_KM1906U12_A,,ZIC pHILIC_85 to 15_ACN,2,HILIC,,1,1,2
190715_Blk_Blk_19,,ZIC pHILIC_85 to 15_ACN,2,HILIC,,1,1,2
190715_Smp_KM1906S6C3D200_B,,ZIC pHILIC_85 to 15_ACN,2,HILIC,,1,1,2
190715_Smp_KM1906S6C3D200_C,,ZIC pHILIC_85 to 15_ACN,2,HILIC,,1,1,2
190715_Blk_Blk_20,,ZIC pHILIC_85 to 15_ACN,2,HILIC,,1,1,2
190715_Smp_KM1906S5C3D125_B,,ZIC pHILIC_85 to 15_ACN,2,HILIC,,1,1,2
190715_Smp_KM1906S6C3D75_C,,ZIC pHILIC_85 to 15_ACN,2,HILIC,,1,1,2
190715_Blk_Blk_21,,ZIC pHILIC_85 to 15_ACN,2,HILIC,,1,1,2
190715_Smp_KM1906S6C3D115_A,,ZIC pHILIC_85 to 15_ACN,2,HILIC,,1,1,2
190715_Smp_KM1906S4C27D70_B,,ZIC pHILIC_85 to 15_ACN,2,HILIC,,1,1,2
190715_Blk_Blk_22,,ZIC pHILIC_85 to 15_ACN,2,HILIC,,1,1,2
190715_Smp_KM1906S5C3D200_B,,ZIC pHILIC_85 to 15_ACN,2,HILIC,,1,1,2
190715_Smp_KM1906S5C3D200_A,,ZIC pHILIC_85 to 15_ACN,2,HILIC,,1,1,2
190715_Blk_Blk_23,,ZIC pHILIC_85 to 15_ACN,2,HILIC,,1,1,2
190715_Smp_KM1906S4C27D40_A,,ZIC pHILIC_85 to 15_ACN,2,HILIC,,1,1,2
190715_Smp_KM1906S4C27D500_A,,ZIC pHILIC_85 to 15_ACN,2,HILIC,,1,1,2
190715_Blk_Blk_24,,ZIC pHILIC_85 to 15_ACN,2,HILIC,,1,1,2
190715_Smp_KM1906S5C3D1000_C,,ZIC pHILIC_85 to 15_ACN,2,HILIC,,1,1,2
190715_Smp_KM1906S4C27D125_A,,ZIC pHILIC_85 to 15_ACN,2,HILIC,,1,1,2
190715_Blk_Blk_25,,ZIC pHILIC_85 to 15_ACN,2,HILIC,,1,1,2
190715_Smp_KM1906S6C3D400_B,,ZIC pHILIC_85 to 15_ACN,2,HILIC,,1,1,2
190715_Smp_KM1906S4C27D40_C,,ZIC pHILIC_85 to 15_ACN,2,HILIC,,1,1,2
190715_Blk_Blk_26,,ZIC pHILIC_85 to 15_ACN,2,HILIC,,1,1,2
190715_Smp_KM1906U13_A,,ZIC pHILIC_85 to 15_ACN,2,HILIC,,1,1,2
190715_Smp_KM1906U13_B,,ZIC pHILIC_85 to 15_ACN,2,HILIC,,1,1,2
190715_Blk_Blk_27,,ZIC pHILIC_85 to 15_ACN,2,HILIC,,1,1,2
190715_Smp_KM1906S4C27D500_C,,ZIC pHILIC_85 to 15_ACN,2,HILIC,,1,1,2
190715_Smp_KM1906S4C27D70_C,,ZIC pHILIC_85 to 15_ACN,2,HILIC,,1,1,2
190715_Blk_Blk_28,,ZIC pHILIC_85 to 15_ACN,2,HILIC,,1,1,2
190715_Smp_KM1906S6C3D200_A,,ZIC pHILIC_85 to 15_ACN,2,HILIC,,1,1,2
190715_Smp_KM1906S6C3D1000_B,,ZIC pHILIC_85 to 15_ACN,2,HILIC,,1,1,2
190715_Blk_Blk_29,,ZIC pHILIC_85 to 15_ACN,2,HILIC,,1,1,2
190715_Smp_KM1906S4C27D125_B,,ZIC pHILIC_85 to 15_ACN,2,HILIC,,1,1,2
190715_Smp_KM1906S5C3D400_C,,ZIC pHILIC_85 to 15_ACN,2,HILIC,,1,1,2
190715_Blk_Blk_30,,ZIC pHILIC_85 to 15_ACN,2,HILIC,,1,1,2
190715_Smp_KM1906S6C3D400_A,,ZIC pHILIC_85 to 15_ACN,2,HILIC,,1,1,2
190715_Smp_KM1906S5C3D200_C,,ZIC pHILIC_85 to 15_ACN,2,HILIC,,1,1,2
190715_Blk_Blk_31,,ZIC pHILIC_85 to 15_ACN,2,HILIC,,1,1,2
190715_Smp_KM1906S5C3D1000_A,,ZIC pHILIC_85 to 15_ACN,2,HILIC,,1,1,2
190715_Smp_KM1906S4C27D300_A,,ZIC pHILIC_85 to 15_ACN,2,HILIC,,1,1,2
190715_Blk_Blk_32,,ZIC pHILIC_85 to 15_ACN,2,HILIC,,1,1,2
190715_Smp_KM1906S5C3D80_B,,ZIC pHILIC_85 to 15_ACN,2,HILIC,,1,1,2
190715_Smp_KM1906S6C3D75_B,,ZIC pHILIC_85 to 15_ACN,2,HILIC,,1,1,2
190715_Blk_Blk_33,,ZIC pHILIC_85 to 15_ACN,2,HILIC,,1,1,2
190715_Smp_KM1906S4C27D70_A,,ZIC pHILIC_85 to 15_ACN,2,HILIC,,1,1,2
190715_Blk_Blk_34,,ZIC pHILIC_85 to 15_ACN,2,HILIC,,1,1,2
190715_Poo_QC-KM1906_C,,ZIC pHILIC_85 to 15_ACN,2,HILIC,,1,1,2
190715_Poo_TruePooKM1906_Half3,,ZIC pHILIC_85 to 15_ACN,2,HILIC,,1,1,2
190715_Poo_TruePooKM1906_Full3,,ZIC pHILIC_85 to 15_ACN,2,HILIC,,1,2,1
190715_Blk_Blk_35,,ZIC pHILIC_85 to 15_ACN,2,HILIC,,1,1,2
190715_Poo_TruePooKM1906_DDApos20,,ZIC pHILIC_85 to 15_ACN,2,HILIC,,1,2,1
190715_Poo_TruePooKM1906_DDAneg20,,ZIC pHILIC_85 to 15_ACN,2,HILIC,,1,2,1
190715_Blk_Blk_36,,ZIC pHILIC_85 to 15_ACN,2,HILIC,,1,1,2
190715_Poo_TruePooKM1906_DDApos35,,ZIC pHILIC_85 to 15_ACN,2,HILIC,,1,2,1
190715_Poo_TruePooKM1906_DDAneg35,,ZIC pHILIC_85 to 15_ACN,2,HILIC,,1,2,1
190715_Blk_Blk_37,,ZIC pHILIC_85 to 15_ACN,2,HILIC,,1,1,2
190715_Poo_TruePooKM1906_DDApos50,,ZIC pHILIC_85 to 15_ACN,2,HILIC,,1,2,1
190715_Poo_TruePooKM1906_DDAneg50,,ZIC pHILIC_85 to 15_ACN,2,HILIC,,1,2,1
190715_Blk_Blk_38,,ZIC pHILIC_85 to 15_ACN,2,HILIC,,1,1,2
190715_Poo_TruePooKM1906_SWATHpos20,,ZIC pHILIC_85 to 15_ACN,2,HILIC,,1,2,1
190715_Poo_TruePooKM1906_SWATHneg20,,ZIC pHILIC_85 to 15_ACN,2,HILIC,,1,2,1
190715_Blk_Blk_36a,,ZIC pHILIC_85 to 15_ACN,2,HILIC,,1,1,2
190715_Poo_TruePooKM1906_SWATHpos35,,ZIC pHILIC_85 to 15_ACN,2,HILIC,,1,2,1
190715_Poo_TruePooKM1906_SWATHneg35,,ZIC pHILIC_85 to 15_ACN,2,HILIC,,1,2,1
190715_Blk_Blk_37a,,ZIC pHILIC_85 to 15_ACN,2,HILIC,,1,1,2
190715_Poo_TruePooKM1906_SWATHpos50,,ZIC pHILIC_85 to 15_ACN,2,HILIC,,1,2,1
190715_Poo_TruePooKM1906_SWATHneg50,,ZIC pHILIC_85 to 15_ACN,2,HILIC,,1,2,1
190715_Blk_Blk_38a,,ZIC pHILIC_85 to 15_ACN,2,HILIC,,1,1,2
190715_Poo_TruePooKM1906_Fullpos60,,ZIC pHILIC_85 to 15_ACN,2,HILIC,,1,2,1
190715_Poo_TruePooKM1906_Fullneg60,,ZIC pHILIC_85 to 15_ACN,2,HILIC,,1,2,1
190715_Blk_Blk_39,,ZIC pHILIC_85 to 15_ACN,2,HILIC,,1,1,2
190715_Poo_TruePooKM1906_Fullpos120,,ZIC pHILIC_85 to 15_ACN,2,HILIC,,1,2,1
190715_Poo_TruePooKM1906_Fullneg120,,ZIC pHILIC_85 to 15_ACN,2,HILIC,,1,2,1
190715_Blk_Blk_40,,ZIC pHILIC_85 to 15_ACN,2,HILIC,,1,1,2
190715_Poo_TruePooKM1906_Fullpos240,,ZIC pHILIC_85 to 15_ACN,2,HILIC,,1,2,1
190715_Poo_TruePooKM1906_Fullneg240,,ZIC pHILIC_85 to 15_ACN,2,HILIC,,1,2,1
190715_Blk_Blk_41,,ZIC pHILIC_85 to 15_ACN,2,HILIC,,1,1,2
190715_Poo_QC-KM1906_D,,ZIC pHILIC_85 to 15_ACN,2,HILIC,,1,1,2
190715_Std_H2OinMatrix_2,,ZIC pHILIC_85 to 15_ACN,2,HILIC,,1,1,
190715_Std_4uMStdsMix1InH2O_2,,ZIC pHILIC_85 to 15_ACN,2,HILIC,,1,1,
190715_Std_4uMStdsMix2InH2O_2,,ZIC pHILIC_85 to 15_ACN,2,HILIC,,1,1,
190715_Std_4uMStdsMix1InMatrix_2,,ZIC pHILIC_85 to 15_ACN,2,HILIC,,1,1,
190715_Std_4uMStdsMix2InMatrix_2,,ZIC pHILIC_85 to 15_ACN,2,HILIC,,1,1,
190715_Blk_Blk_41a,,ZIC pHILIC_85 to 15_ACN,2,HILIC,,1,1,1
190715_Smp_KM1906S4C27D300_A-Re-run,,ZIC pHILIC_85 to 15_ACN,2,HILIC,,1,1,2
190715_Smp_KM1906S4C27D500_B-Re-run,,ZIC pHILIC_85 to 15_ACN,2,HILIC,,1,1,2
190715_Smp_KM1906S4C27D500_C-Re-run,,ZIC pHILIC_85 to 15_ACN,2,HILIC,,1,1,2
190715_Blk_Blk_41b,,ZIC pHILIC_85 to 15_ACN,2,HILIC,,1,1,1
190715_Poo_TruePooFK180310_Half1,,ZIC pHILIC_85 to 15_ACN,2,HILIC,,1,0.5,4
190715_Poo_TruePooFK180310_Full1,,ZIC pHILIC_85 to 15_ACN,2,HILIC,,1,1,2
190715_Blk_Blk_42,,ZIC pHILIC_85 to 15_ACN,2,HILIC,,1,1,2
190715_Smp_FK180310S80C1-25m_B,,ZIC pHILIC_85 to 15_ACN,2,HILIC,,1,1,2
190715_Smp_FK180310S62C1-25m_C,,ZIC pHILIC_85 to 15_ACN,2,HILIC,,1,1,2
190715_Blk_Blk_43,,ZIC pHILIC_85 to 15_ACN,2,HILIC,,1,1,2
190715_Smp_FK180310S77C1-DCM_A,,ZIC pHILIC_85 to 15_ACN,2,HILIC,,1,1,2
190715_Smp_FK180310S77C1-DCM_B,,ZIC pHILIC_85 to 15_ACN,2,HILIC,,1,1,2
190715_Blk_Blk_44,,ZIC pHILIC_85 to 15_ACN,2,HILIC,,1,1,2
190715_Smp_FK180310S62C1-DCM_B,,ZIC pHILIC_85 to 15_ACN,2,HILIC,,1,1,2
190715_Smp_FK180310S64C1-25m_B,,ZIC pHILIC_85 to 15_ACN,2,HILIC,,1,1,2
190715_Blk_Blk_45,,ZIC pHILIC_85 to 15_ACN,2,HILIC,,1,1,2
190715_Smp_FK180310S62C1-DCM_A,,ZIC pHILIC_85 to 15_ACN,2,HILIC,,1,1,2
190715_Smp_FK180310S64C1-DCM_A,,ZIC pHILIC_85 to 15_ACN,2,HILIC,,1,1,2
190715_Blk_Blk_46,,ZIC pHILIC_85 to 15_ACN,2,HILIC,,1,1,2
190715_Smp_FK180310S80C1-25m_C,,ZIC pHILIC_85 to 15_ACN,2,HILIC,,1,1,2
190715_Smp_FK180310S64C1-25m_C,,ZIC pHILIC_85 to 15_ACN,2,HILIC,,1,1,2
190715_Blk_Blk_47,,ZIC pHILIC_85 to 15_ACN,2,HILIC,,1,1,2
190715_Smp_FK180310S62C1-25m_A,,ZIC pHILIC_85 to 15_ACN,2,HILIC,,1,1,2
190715_Smp_FK180310S77C1-25m_C,,ZIC pHILIC_85 to 15_ACN,2,HILIC,,1,1,2
190715_Blk_Blk_48,,ZIC pHILIC_85 to 15_ACN,2,HILIC,,1,1,2
190715_Poo_QC-KM1906_E,,ZIC pHILIC_85 to 15_ACN,2,HILIC,,1,1,2
190715_Poo_TruePooFK180310_Half2,,ZIC pHILIC_85 to 15_ACN,2,HILIC,,1,0.5,4
190715_Poo_TruePooFK180310_Full2,,ZIC pHILIC_85 to 15_ACN,2,HILIC,,1,1,2
190715_Blk_Blk_49,,ZIC pHILIC_85 to 15_ACN,2,HILIC,,1,1,2
190715_Smp_FK180310S80C1-DCM_C,,ZIC pHILIC_85 to 15_ACN,2,HILIC,,1,1,2
190715_Smp_FK180310S77C1-25m_B,,ZIC pHILIC_85 to 15_ACN,2,HILIC,,1,1,2
190715_Blk_Blk_50,,ZIC pHILIC_85 to 15_ACN,2,HILIC,,1,1,2
190715_Smp_FK180310S80C1-DCM_A,,ZIC pHILIC_85 to 15_ACN,2,HILIC,,1,1,2
190715_Smp_FK180310S80C1-DCM_B,,ZIC pHILIC_85 to 15_ACN,2,HILIC,,1,1,2
190715_Blk_Blk_51,,ZIC pHILIC_85 to 15_ACN,2,HILIC,,1,1,2
190715_Smp_FK180310S77C1-25m_A,,ZIC pHILIC_85 to 15_ACN,2,HILIC,,1,1,2
190715_Smp_FK180310S80C1-25m_A,,ZIC pHILIC_85 to 15_ACN,2,HILIC,,1,1,2
190715_Blk_Blk_52,,ZIC pHILIC_85 to 15_ACN,2,HILIC,,1,1,2
190715_Smp_FK180310S77C1-DCM_C,,ZIC pHILIC_85 to 15_ACN,2,HILIC,,1,1,2
190715_Smp_FK180310S62C1-DCM_C,,ZIC pHILIC_85 to 15_ACN,2,HILIC,,1,1,2
190715_Blk_Blk_53,,ZIC pHILIC_85 to 15_ACN,2,HILIC,,1,1,2
190715_Smp_FK180310S64C1-25m_A,,ZIC pHILIC_85 to 15_ACN,2,HILIC,,1,1,2
190715_Smp_FK180310S64C1-DCM_C,,ZIC pHILIC_85 to 15_ACN,2,HILIC,,1,1,2
190715_Blk_Blk_54,,ZIC pHILIC_85 to 15_ACN,2,HILIC,,1,1,2
190715_Smp_FK180310S62C1-25m_B,,ZIC pHILIC_85 to 15_ACN,2,HILIC,,1,1,2
190715_Smp_FK180310S64C1-DCM_B,,ZIC pHILIC_85 to 15_ACN,2,HILIC,,1,1,2
190715_Blk_Blk_55,,ZIC pHILIC_85 to 15_ACN,2,HILIC,,1,1,2
190715_Poo_QC-KM1906_F,,ZIC pHILIC_85 to 15_ACN,2,HILIC,,1,1,2
190715_Poo_TruePooFK180310_Half3,,ZIC pHILIC_85 to 15_ACN,2,HILIC,,1,0.5,4
190715_Poo_TruePooFK180310_Full3,,ZIC pHILIC_85 to 15_ACN,2,HILIC,,1,1,2
190715_Blk_Blk_56,,ZIC pHILIC_85 to 15_ACN,2,HILIC,,1,1,2
190715_Poo_TruePooFK180310_DDApos20,,ZIC pHILIC_85 to 15_ACN,2,HILIC,,1,1,2
190715_Poo_TruePooFK180310_DDAneg20,,ZIC pHILIC_85 to 15_ACN,2,HILIC,,1,1,2
190715_Blk_Blk_57,,ZIC pHILIC_85 to 15_ACN,2,HILIC,,1,1,2
190715_Poo_TruePooFK180310_DDApos35,,ZIC pHILIC_85 to 15_ACN,2,HILIC,,1,1,2
190715_Poo_TruePooFK180310_DDAneg35,,ZIC pHILIC_85 to 15_ACN,2,HILIC,,1,1,2
190715_Blk_Blk_58,,ZIC pHILIC_85 to 15_ACN,2,HILIC,,1,1,2
190715_Poo_TruePooFK180310_DDApos50,,ZIC pHILIC_85 to 15_ACN,2,HILIC,,1,1,2
190715_Poo_TruePooFK180310_DDAneg50,,ZIC pHILIC_85 to 15_ACN,2,HILIC,,1,1,2
190715_Blk_Blk_59,,ZIC pHILIC_85 to 15_ACN,2,HILIC,,1,1,2
190715_Poo_TruePooFK180310_SWATHpos20,,ZIC pHILIC_85 to 15_ACN,2,HILIC,,1,1,2
190715_Poo_TruePooFK180310_SWATHneg20,,ZIC pHILIC_85 to 15_ACN,2,HILIC,,1,1,2
190715_Blk_Blk_57a,,ZIC pHILIC_85 to 15_ACN,2,HILIC,,1,1,2
190715_Poo_TruePooFK180310_SWATHpos35,,ZIC pHILIC_85 to 15_ACN,2,HILIC,,1,1,2
190715_Poo_TruePooFK180310_SWATHneg35,,ZIC pHILIC_85 to 15_ACN,2,HILIC,,1,1,2
190715_Blk_Blk_58a,,ZIC pHILIC_85 to 15_ACN,2,HILIC,,1,1,2
190715_Poo_TruePooFK180310_SWATHpos50,,ZIC pHILIC_85 to 15_ACN,2,HILIC,,1,1,2
190715_Poo_TruePooFK180310_SWATHneg50,,ZIC pHILIC_85 to 15_ACN,2,HILIC,,1,1,2
190715_Blk_Blk_58b,,ZIC pHILIC_85 to 15_ACN,2,HILIC,,1,1,2
190715_Poo_TruePooFK180310_Fullpos60,,ZIC pHILIC_85 to 15_ACN,2,HILIC,,1,1,2
190715_Poo_TruePooFK180310_Fullneg60,,ZIC pHILIC_85 to 15_ACN,2,HILIC,,1,1,2
190715_Blk_Blk_59a,,ZIC pHILIC_85 to 15_ACN,2,HILIC,,1,1,2
190715_Poo_TruePooFK180310_Fullpos120,,ZIC pHILIC_85 to 15_ACN,2,HILIC,,1,1,2
190715_Poo_TruePooFK180310_Fullneg120,,ZIC pHILIC_85 to 15_ACN,2,HILIC,,1,1,2
190715_Blk_Blk_60,,ZIC pHILIC_85 to 15_ACN,2,HILIC,,1,1,2
190715_Poo_TruePooFK180310_Fullpos240,,ZIC pHILIC_85 to 15_ACN,2,HILIC,,1,1,2
190715_Poo_TruePooFK180310_Fullneg240,,ZIC pHILIC_85 to 15_ACN,2,HILIC,,1,1,2
190715_Blk_Blk_61,,ZIC pHILIC_85 to 15_ACN,2,HILIC,,1,1,2
190715_Poo_QC-KM1906_G,,ZIC pHILIC_85 to 15_ACN,2,HILIC,,1,1,2
190715_Poo_TruePooKM1910_Half1,,ZIC pHILIC_85 to 15_ACN,2,HILIC,,1,0.5,4
190715_Poo_TruePooKM1910_Full1,,ZIC pHILIC_85 to 15_ACN,2,HILIC,,1,1,2
190715_Blk_Blk_62,,ZIC pHILIC_85 to 15_ACN,2,HILIC,,1,1,2
190715_Smp_KM1910S2CTD10D150_A,,ZIC pHILIC_85 to 15_ACN,2,HILIC,,1,1,2
190715_Smp_KM1910S2CTD10D25_B,,ZIC pHILIC_85 to 15_ACN,2,HILIC,,1,1,2
190715_Blk_Blk_63,,ZIC pHILIC_85 to 15_ACN,2,HILIC,,1,1,2
190715_Smp_KM1910S2CTD10D125_C,,ZIC pHILIC_85 to 15_ACN,2,HILIC,,1,1,2
190715_Smp_KM1910S2CTD15D500_A,,ZIC pHILIC_85 to 15_ACN,2,HILIC,,1,1,2
190715_Blk_Blk_64,,ZIC pHILIC_85 to 15_ACN,2,HILIC,,1,1,2
190715_Smp_KM1910S2CTD10D75_C,,ZIC pHILIC_85 to 15_ACN,2,HILIC,,1,1,2
190715_Smp_KM1910S2CTD15D225_C,,ZIC pHILIC_85 to 15_ACN,2,HILIC,,1,1,2
190715_Blk_Blk_65,,ZIC pHILIC_85 to 15_ACN,2,HILIC,,1,1,2
190715_Smp_KM1910S2CTD10D125_B,,ZIC pHILIC_85 to 15_ACN,2,HILIC,,1,1,2
190715_Smp_KM1910S2CTD10D25_A,,ZIC pHILIC_85 to 15_ACN,2,HILIC,,1,1,2
190715_Blk_Blk_66,,ZIC pHILIC_85 to 15_ACN,2,HILIC,,1,1,2
190715_Smp_KM1910S2CTD15D225_A,,ZIC pHILIC_85 to 15_ACN,2,HILIC,,1,1,2
190715_Smp_KM1910S2CTD10D125_A,,ZIC pHILIC_85 to 15_ACN,2,HILIC,,1,1,2
190715_Blk_Blk_67,,ZIC pHILIC_85 to 15_ACN,2,HILIC,,1,1,2
190715_Smp_KM1910S2CTD2D1000_B,,ZIC pHILIC_85 to 15_ACN,2,HILIC,,1,1,2
190715_Smp_KM1910S2CTD10D75_A,,ZIC pHILIC_85 to 15_ACN,2,HILIC,,1,1,2
190715_Blk_Blk_68,,ZIC pHILIC_85 to 15_ACN,2,HILIC,,1,1,2
190715_Smp_KM1910S2CTD2D770_A,,ZIC pHILIC_85 to 15_ACN,2,HILIC,,1,1,2
190715_Smp_KM1910S2CTD21D3000_A,,ZIC pHILIC_85 to 15_ACN,2,HILIC,,1,1,2
190715_Blk_Blk_69,,ZIC pHILIC_85 to 15_ACN,2,HILIC,,1,1,2
190715_Smp_KM1910S2CTD21D2000_A,,ZIC pHILIC_85 to 15_ACN,2,HILIC,,1,1,2
190715_Smp_KM1910S2CTD2D1000_A,,ZIC pHILIC_85 to 15_ACN,2,HILIC,,1,1,2
190715_Blk_Blk_70,,ZIC pHILIC_85 to 15_ACN,2,HILIC,,1,1,2
190715_Blk_KM1910S2CTD2D1000-Blk_B,,ZIC pHILIC_85 to 15_ACN,2,HILIC,,1,1,2
190715_Smp_KM1910S2CTD10D175_B,,ZIC pHILIC_85 to 15_ACN,2,HILIC,,1,1,2
190715_Blk_Blk_71,,ZIC pHILIC_85 to 15_ACN,2,HILIC,,1,1,2
190715_Poo_QC-KM1906_H,,ZIC pHILIC_85 to 15_ACN,2,HILIC,,1,1,2
190715_Poo_TruePooKM1910_Half2,,ZIC pHILIC_85 to 15_ACN,2,HILIC,,1,0.5,4
190715_Poo_TruePooKM1910_Full2,,ZIC pHILIC_85 to 15_ACN,2,HILIC,,1,1,2
190715_Blk_Blk_72,,ZIC pHILIC_85 to 15_ACN,2,HILIC,,1,1,2
190715_Smp_KM1910S2CTD2D770_B,,ZIC pHILIC_85 to 15_ACN,2,HILIC,,1,1,2
190715_Smp_KM1910S2CTD15D500_B,,ZIC pHILIC_85 to 15_ACN,2,HILIC,,1,1,2
190715_Blk_Blk_73,,ZIC pHILIC_85 to 15_ACN,2,HILIC,,1,1,2
190715_Smp_KM1910S2CTD2D1000_C,,ZIC pHILIC_85 to 15_ACN,2,HILIC,,1,1,2
190715_Smp_KM1910S2CTD15D300_C,,ZIC pHILIC_85 to 15_ACN,2,HILIC,,1,1,2
190715_Blk_Blk_74,,ZIC pHILIC_85 to 15_ACN,2,HILIC,,1,1,2
190715_Smp_KM1910S2CTD2D770_C,,ZIC pHILIC_85 to 15_ACN,2,HILIC,,1,1,2
190715_Smp_KM1910S2CTD21D4000_A,,ZIC pHILIC_85 to 15_ACN,2,HILIC,,1,1,2
190715_Blk_Blk_75,,ZIC pHILIC_85 to 15_ACN,2,HILIC,,1,1,2
190715_Smp_KM1910S2CTD10D150_B,,ZIC pHILIC_85 to 15_ACN,2,HILIC,,1,1,2
190715_Smp_KM1910S2CTD10D175_C,,ZIC pHILIC_85 to 15_ACN,2,HILIC,,1,1,2
190715_Blk_Blk_76,,ZIC pHILIC_85 to 15_ACN,2,HILIC,,1,1,2
190715_Smp_KM1910S2CTD15D500_C,,ZIC pHILIC_85 to 15_ACN,2,HILIC,,1,1,2
190715_Smp_KM1910S2CTD10D75_B,,ZIC pHILIC_85 to 15_ACN,2,HILIC,,1,1,2
190715_Blk_Blk_77,,ZIC pHILIC_85 to 15_ACN,2,HILIC,,1,1,2
190715_Smp_KM1910S2CTD10D25_C,,ZIC pHILIC_85 to 15_ACN,2,HILIC,,1,1,2
190715_Smp_KM1910S2CTD15D225_B,,ZIC pHILIC_85 to 15_ACN,2,HILIC,,1,1,2
190715_Blk_Blk_78,,ZIC pHILIC_85 to 15_ACN,2,HILIC,,1,1,2
190715_Smp_KM1910S2CTD10D150_C,,ZIC pHILIC_85 to 15_ACN,2,HILIC,,1,1,2
190715_Smp_KM1910S2CTD15D300_B,,ZIC pHILIC_85 to 15_ACN,2,HILIC,,1,1,2
190715_Blk_Blk_79,,ZIC pHILIC_85 to 15_ACN,2,HILIC,,1,1,2
190715_Smp_KM1910S2CTD15D300_A,,ZIC pHILIC_85 to 15_ACN,2,HILIC,,1,1,2
190715_Smp_KM1910S2CTD10D175_A,,ZIC pHILIC_85 to 15_ACN,2,HILIC,,1,1,2
190715_Blk_Blk_80,,ZIC pHILIC_85 to 15_ACN,2,HILIC,,1,1,2
190715_Poo_QC-KM1906_I,,ZIC pHILIC_85 to 15_ACN,2,HILIC,,1,1,2
190715_Poo_TruePooKM1910_Half3,,ZIC pHILIC_85 to 15_ACN,2,HILIC,,1,0.5,4
190715_Poo_TruePooKM1910_Full3,,ZIC pHILIC_85 to 15_ACN,2,HILIC,,1,1,2
190715_Blk_Blk_81,,ZIC pHILIC_85 to 15_ACN,2,HILIC,,1,1,2
190715_Poo_TruePooKM1910_DDApos20,,ZIC pHILIC_85 to 15_ACN,2,HILIC,,1,1,2
190715_Poo_TruePooKM1910_DDAneg20,,ZIC pHILIC_85 to 15_ACN,2,HILIC,,1,1,2
190715_Blk_Blk_82,,ZIC pHILIC_85 to 15_ACN,2,HILIC,,1,1,2
190715_Poo_TruePooKM1910_DDApos35,,ZIC pHILIC_85 to 15_ACN,2,HILIC,,1,1,2
190715_Poo_TruePooKM1910_DDAneg35,,ZIC pHILIC_85 to 15_ACN,2,HILIC,,1,1,2
190715_Blk_Blk_83,,ZIC pHILIC_85 to 15_ACN,2,HILIC,,1,1,2
190715_Poo_TruePooKM1910_DDApos50,,ZIC pHILIC_85 to 15_ACN,2,HILIC,,1,1,2
190715_Poo_TruePooKM1910_DDAneg50,,ZIC pHILIC_85 to 15_ACN,2,HILIC,,1,1,2
190715_Blk_Blk_84,,ZIC pHILIC_85 to 15_ACN,2,HILIC,,1,1,2
190715_Poo_TruePooKM1910_SWATHpos20,,ZIC pHILIC_85 to 15_ACN,2,HILIC,,1,1,2
190715_Poo_TruePooKM1910_SWATHneg20,,ZIC pHILIC_85 to 15_ACN,2,HILIC,,1,1,2
190715_Blk_Blk_82a,,ZIC pHILIC_85 to 15_ACN,2,HILIC,,1,1,2
190715_Poo_TruePooKM1910_SWATHpos35,,ZIC pHILIC_85 to 15_ACN,2,HILIC,,1,1,2
190715_Poo_TruePooKM1910_SWATHneg35,,ZIC pHILIC_85 to 15_ACN,2,HILIC,,1,1,2
190715_Blk_Blk_83a,,ZIC pHILIC_85 to 15_ACN,2,HILIC,,1,1,2
190715_Poo_TruePooKM1910_SWATHpos50,,ZIC pHILIC_85 to 15_ACN,2,HILIC,,1,1,2
190715_Poo_TruePooKM1910_SWATHneg50,,ZIC pHILIC_85 to 15_ACN,2,HILIC,,1,1,2
190715_Blk_Blk_84a,,ZIC pHILIC_85 to 15_ACN,2,HILIC,,1,1,2
190715_Poo_TruePooKM1910_Fullpos60,,ZIC pHILIC_85 to 15_ACN,2,HILIC,,1,1,2
190715_Poo_TruePooKM1910_Fullneg60,,ZIC pHILIC_85 to 15_ACN,2,HILIC,,1,1,2
190715_Blk_Blk_85,,ZIC pHILIC_85 to 15_ACN,2,HILIC,,1,1,2
190715_Poo_TruePooKM1910_Fullpos120,,ZIC pHILIC_85 to 15_ACN,2,HILIC,,1,1,2
190715_Poo_TruePooKM1910_Fullneg120,,ZIC pHILIC_85 to 15_ACN,2,HILIC,,1,1,2
190715_Blk_Blk_86,,ZIC pHILIC_85 to 15_ACN,2,HILIC,,1,1,2
190715_Poo_TruePooKM1910_Fullpos240,,ZIC pHILIC_85 to 15_ACN,2,HILIC,,1,1,2
190715_Poo_TruePooKM1910_Fullneg240,,ZIC pHILIC_85 to 15_ACN,2,HILIC,,1,1,2
190715_Blk_Blk_87,,ZIC pHILIC_85 to 15_ACN,2,HILIC,,1,1,2
190715_Std_H2OinMatrix_3,,ZIC pHILIC_85 to 15_ACN,2,HILIC,,1,1,
190715_Std_4uMStdsMix1InH2O_3,,ZIC pHILIC_85 to 15_ACN,2,HILIC,,1,1,
190715_Std_4uMStdsMix2InH2O_3,,ZIC pHILIC_85 to 15_ACN,2,HILIC,,1,1,
190715_Std_4uMStdsMix1InMatrix_3,,ZIC pHILIC_85 to 15_ACN,2,HILIC,,1,1,
190715_Std_4uMStdsMix2InMatrix_3,,ZIC pHILIC_85 to 15_ACN,2,HILIC,,1,1,
190715_Blk_Blk_88,,ZIC pHILIC_85 to 15_ACN,2,HILIC,,1,1,
190715_Blk_Blk_89,,ZIC pHILIC_85 to 15_ACN,2,HILIC,,1,1,
190715_Blk_Blk_90,,ZIC pHILIC_85 to 15_ACN,2,HILIC,,1,1,
190715_Blk_Blk_91,,ZIC pHILIC_85 to 15_ACN,2,HILIC,,1,1,
190715_Blk_Blk_92,,ZIC pHILIC_85 to 15_ACN,2,HILIC,,1,1,
190715_Blk_Blk_93,,ZIC pHILIC_85 to 15_ACN,2,HILIC,,1,1,
190715_Blk_Blk_94,,ZIC pHILIC_85 to 15_ACN,2,HILIC,,1,1,
190715_Blk_Blk_95,,ZIC pHILIC_85 to 15_ACN,2,HILIC,,1,1,
190715_Smp_KelpA_AsBlast,,ZIC pHILIC_85 to 15_ACN,2,HILIC,,1,1,
190715_Poo_QC-KM1906_AsBlast,,ZIC pHILIC_85 to 15_ACN,2,HILIC,,1,1,
190715_Blk_Blk_96,,ZIC pHILIC_85 to 15_ACN,2,HILIC,,1,1,
190715_Smp_KelpA_AsBlast80,,ZIC pHILIC_85 to 15_ACN,2,HILIC,,1,1,
190715_Smp_KelpA_AsBlast100,,ZIC pHILIC_85 to 15_ACN,2,HILIC,,1,1,
190715_Smp_KelpA_AsBlast125,,ZIC pHILIC_85 to 15_ACN,2,HILIC,,1,1,
190715_Smp_KelpA_AsBlast150,,ZIC pHILIC_85 to 15_ACN,2,HILIC,,1,1,
190715_Smp_KelpA_AsBlast175,,ZIC pHILIC_85 to 15_ACN,2,HILIC,,1,1,
